,
,
,Monday (Workshops),,,Colour Legend
Early
,
,
,
,
,
Late
,
,
,
,
,
,
,
,Tuesday
,In-Person,,,,,Online
Early,SEL MAT 8A,SEL ENG 8A,SEL ENG 7A,SEL MAT 7A,SEL MAT 7B,SEL MAT 8M,SEL MAT 8O,SEL MAT 8Q
,Testing Tw,Testing F,Testing O,Testing Fo,Grace M,Firstname L,Eva D,Ethan B
,5:00 - 6:30 pm,5:00 - 7:00 pm,5:00 - 7:00 pm,5:00 - 6:30 pm,5:00 - 6:30 pm,5:00 - 6:30 pm,5:00 - 6:30 pm,5:00 - 6:30 pm
,201,205,206,207,208,Online,Online,Online
,Normal 8,Normal 8,Normal 7,Normal 7,Normal 7,Normal 8,Normal 8,Normal 8
,Sophia G,Catherine M (OL),Alonzo H,Alonzo H,Darryl D,Logan S,Carlee B (OL),Eleanor S (OL)
,Dillan M,Atticus Y,,Gage D,Mitchell M,Brooklynn M,Keagan H,Franklin C
,Tara A,Autumn G,,Humberto M,Kenyon W,Jose B,Curtis B,Landin K
,Brenda P,Boston C,,Marquise H,Aubrey F,Alisa W,Gwendolyn M,Kelsie L
,Fatima K,Lia A,,Tony J,Nia S,Enrique R,Jaslyn H,Evie D
Late,SEL MAT 8B,SEL ENG 8B,SEL ENG 7B,SEL ENG 8C,SEL MAT 8C,SEL MAT 8L,SEL MAT 7E,SEL ENG 8P,SEL MAT 8P
,Testing Tw,Testing F,Testing O,Helen A,Alice J,Firstname L,Lucas M,Testing T,Aiden D
,7:00 - 8:30 pm,7:00 - 9:00 pm,7:00 - 9:00 pm,7:00 - 9:00 pm,7:00 - 8:30 pm,7:00 - 8:30 pm,7:00 - 8:30 pm,7:00 - 9:00 pm,7:00 - 8:30 pm
,201,205,206,207,208,Online,Online,Online,Online
,Normal 8,Normal 8,Normal 7,Normal 8,Normal 8,Normal 8,Normal 7,Normal 8,Normal 8
,Nina Mil,Sophia G,Gage D,Carlee B (OL),Jax L,Johnathon D,Mary S,Adrienne O,Jaydan B (OL)
,Jonah W,Finn M,Aubrey F,Curtis B,Valentin S,Helena M,Keon B,,Lindsey P
,Andy B,Dillan M,Nia S,Franklin C,Janae W (OL),Riya H,Alison E,,Misael H (OL)
,Mareli C,Brooklynn M,,Fatima K,Niko C,Ramon C (OL),Judith C,,Stephen C
,Courtney W,Roselyn H,,Ruben Y,Genevieve M,Esteban F,,,Blaze L
,
,
,Wednesday
,In-Person,,,,,Online
Early,SEL MAT 8D,SEL ENG 8D,SEL MAT 8E,SEL ENG 7C,SEL ENG 7D,SEL MAT 8N,SEL MAT 6A,SEL MAT 6C
,Aiden D,Mia M,Testing Tw,Testing O,Ava A,Firstname L,Liam J,Noah B
,5:00 - 6:30 pm,5:00 - 7:00 pm,5:00 - 6:30 pm,5:00 - 7:00 pm,5:00 - 7:00 pm,5:00 - 6:30 pm,5:00 - 6:30 pm,5:00 - 6:30 pm
,201,205,206,207,208,Online,Online,Online
,Normal 8,Normal 8,Normal 8,Normal 7,Normal 7,Normal 8,Normal 6,Normal 6
,Jazlynn C (OL),Nina Mil,Santos M,Blaine P,Alison E,Adrienne O,Lilliana N,Sloane K
,Daniela S,Mareli C,Edgar N,Mary S,,,Maverick Y,
,Casey W,Jax L,Catherine M (OL),Humberto M,,,Quinn H,
,Miah E (OL),Niko C,Autumn G,Darryl D,,,Jorge P (OL),
,Quinn M,Eleanor S (OL),Ruben Y,Mitchell M,,,Belinda F,
Late,SEL MAT 8F,SEL MAT 8G,SEL MAT 8H,SEL ENG 7F,SEL MAT 7F,SEL ENG 8E,SEL MAT 6B,SEL ENG 8Q
,Aiden D,Lucas M,Testing Tw,Testing O,Grace M,Emma M,Liam J,Testing F
,7:00 - 8:30 pm,7:00 - 8:30 pm,7:00 - 8:30 pm,7:00 - 9:00 pm,7:00 - 8:30 pm,7:00 - 9:00 pm,7:00 - 8:30 pm,7:00 - 9:00 pm
,201,205,206,207,208,Online,Online,Online
,Normal 8,Normal 8,Normal 8,Normal 7,Normal 7,Normal 8,Normal 6,Normal 8
,Max S,Javon G,Roselyn H,Keon B,Junior E,Brenda P,Nina M,Ramon C (OL)
,Mariela N (OL),Amanda A (OL),Boston C,Kenyon W,Blaine P,Valentin S,,Jaydan B (OL)
,Karter H,Samir B,Lia A,Tony J,,Genevieve M,,Courtney W
,Adalynn M,Finn M,,Judith C,,Jose B,,Esteban F
,Jamarion P,Atticus Y,,,,Helena M,,Lindsey P
,
,
,Thursday
,In-Person,,,,,Online
Early,SEL MAT 8I,,SEL ENG 8F,SEL ENG 8G,SEL ENG 8H
,Charlie B,,Testing O,Isabella S,Frank W
,5:00 - 6:30 pm,,5:00 - 7:00 pm,5:00 - 7:00 pm,5:00 - 7:00 pm
,201,,206,207,208
,Normal 8,,Normal 8,Normal 8,Normal 8
,Humberto S,,Tara A,Amanda A (OL),Misael H (OL)
,Rachel B,,Gwendolyn M,Blaze L,Alisa W
,,,Adalynn M,Enrique R,
,,,Javon G,Andy B,
,,,Kelsie L,Jaslyn H,
Late,SEL MAT 8J,,SEL ENG 8I,,,SEL ENG 8O,SEL MAT 7D,SEL ENG 6A
,Noah B,,Testing O,,,Testing T,Aiden D,Bob S
,7:00 - 8:30 pm,,7:00 - 9:00 pm,,,7:00 - 9:00 pm,7:00 - 8:30 pm,7:00 - 9:00 pm
,201,,206,,,Online,Online,Online
,Normal 8,,Normal 8,,,Normal 8,Normal 7,Normal 6
,Marely W (OL),,Jazlynn C (OL),,,Miah E (OL),Elise H,Lilliana N
,,,Logan S,,,Santos M,,Nina M
,,,Janae W (OL),,,Edgar N,,Quinn H
,,,Humberto S,,,Quinn M,,Jorge P (OL)
,,,Daniela S,,,Stephen C,,Maverick Y
,
,
,Friday
,In-Person,,,,,Online
Early,SEL ENG 8J,SEL MAT 8K,SEL ENG 8K,,
,Testing O,Alice J,David M,,
,5:00 - 7:00 pm,5:00 - 6:30 pm,5:00 - 7:00 pm,,
,201,205,206,,
,Normal 8,Normal 8,Normal 8,,
,Jonah W,Cassius J,Landin K,,
,Max S,,,,
,Keagan H,,,,
,Casey W,,,,
,Jamarion P,,,,
Late,SEL ENG 8L,,,,,SEL ENG 7E
,Testing O,,,,,Helen A
,7:00 - 9:00 pm,,,,,7:00 - 9:00 pm
,201,,,,,Online
,Normal 8,,,,,Normal 7
,Marely W (OL),,,,,Marquise H
,Riya H,,,,,Junior E
,Karter H,,,,,
,Rachel B,,,,,
,,,,,,
,
,
,Saturday
,In-Person,,,,,Online
Early,,SEL ENG 8M,,,
,,David M,,,
,,11:30 - 1:30 pm,,,
,,205,,,
,,Normal 8,,,
,,Mariela N (OL),,,
,,Samir B,,,
,,,,,
,,,,,
,,,,,
Late,SEL ENG 8N,,,,,SEL MAT 7C
,Testing F,,,,,Firstname L
,2:00 - 4:00 pm,,,,,2:00 - 3:30 pm
,201,,,,,Online
,Normal 8,,,,,Normal 7
,Cassius J,,,,,Kamden R
,Johnathon D,,,,,
,,,,,,
,,,,,,
,,,,,,
